{
    "loss": 10.793326377868652,
    "accuracy": 0.5035971403121948
}