{
    "loss": 39.32803726196289,
    "accuracy": 0.48201438784599304
}